"Earth, Wind & Fire","The Best of Earth, Wind & Fire, Vol. 1",r-b
"Earth, Wind & Fire",Gratitude,r-b
"Earth, Wind & Fire",That's the Way of the World,r-b
"Earth, Wind & Fire",The Columbia Masters,r-b
"Gary Clark, Jr.",Blak and Blu,blues
"Medeski, Martin & Wood",It's a Jungle in Here,new-age
2Pac,All Eyez on Me,rap
2Pac,Me Against the World,rap
50 Cent,Get Rich or Die Tryin',rap
Absolute Ensemble,Absolute Zawinul,avant-garde
Air,Le Voyage Dans la Lune (A Trip to the Moon),electronic
Air,Moon Safari,electronic
Air,Talkie Walkie,electronic
Airto,Fingers,latin
Al Green,The Love Songs Collection,r-b
Al di Meola,"Passion, Grace & Fire",international
Al di Meola,"Passion, Grace & Fire",latin
Alan Jackson,Thirty Miles West,country
Albert King,In Session,blues
Alejandro Sanz,No Es lo Mismo,latin
Alicia Keys,Songs in A Minor,r-b
Alison Krauss,Paper Airplane,folk
Amadou & Mariam,Dimanche a Bamako,international
Amadou & Mariam,Folila,international
Amy Winehouse,Frank,r-b
Andrea Bocelli,The Best of Andrea Bocelli: Vivere,vocal
Andrew Lloyd Webber,Jesus Christ Superstar,stage-screen
Antonio Carlos Jobim,"The Composer of Desafinado, Plays",latin
Antonio Carlos Jobim,Elis & Tom,latin
Antonio Carlos Jobim,Francis Albert Sinatra & Antonio Carlos Jobim,international
Antonio Carlos Jobim,Francis Albert Sinatra & Antonio Carlos Jobim,vocal
Antonio Carlos Jobim,Stone Flower,latin
Antonio Carlos Jobim,Wave,international
Antonio Carlos Jobim,Wave,latin
Aretha Franklin,I Never Loved a Man the Way I Love You,r-b
Aretha Franklin,Lady Soul,r-b
Aretha Franklin,Live at Fillmore West,r-b
Aretha Franklin,The Great American Songbook,r-b
Astor Piazzolla,Love Tanguedia,international
Astor Piazzolla,Love Tanguedia,latin
Astor Piazzolla,Tango: Zero Hour,international
Astor Piazzolla,Tango: Zero Hour,latin
Astrud Gilberto,The Astrud Gilberto Album,international
Astrud Gilberto,The Astrud Gilberto Album,latin
B.B. King,Anthology,blues
B.B. King,Blues Is King [MCA],blues
B.B. King,Completely Well,blues
B.B. King,Do the Boogie! B.B. King's Early '50s Classics,blues
B.B. King,Indianola Mississippi Seeds,blues
B.B. King,King of the Blues [Box],blues
B.B. King,King of the Blues,blues
B.B. King,Ladies and Gentlemen… Mr. B.B. King,r-b
B.B. King,Live at the Regal,blues
B.B. King,Live at the Regal,r-b
B.B. King,Live in Cook County Jail,blues
B.B. King,Live in Japan,blues
B.B. King,Lucille,blues
B.B. King,One Kind Favor,blues
B.B. King,Original Greatest Hits,blues
B.B. King,Reflections,blues
B.B. King,Singin' the Blues/The Blues,blues
B.B. King,The Best of B.B. King [1973 MCA],blues
B.B. King,The Best of the Early Years,blues
B.B. King,The Best of the Kent Singles 1958-1971,blues
B.B. King,The Blues,blues
B.B. King,The Blues,r-b
B.B. King,The Great B.B. King [Ace],blues
B.B. King,The Soul of B.B. King [Expanded],blues
B.B. King,The Vintage Years,blues
B.o.B,B.o.B Presents: The Adventures of Bobby Ray,rap
Babyface,For the Cool in You,r-b
Bajofondo,Mar Dulce,latin
Barbra Streisand,Funny Girl (Original Soundtrack Recording),stage-screen
Barbra Streisand,Just for the Record...,stage-screen
Barbra Streisand,Release Me,stage-screen
Barbra Streisand,The Broadway Album,stage-screen
Barry White,Let the Music Play,r-b
Beastie Boys,Beastie Boys Anthology: The Sounds of Science,rap
Beastie Boys,Check Your Head,rap
Beastie Boys,Hello Nasty,rap
Beastie Boys,Ill Communication,rap
Beastie Boys,Licensed to Ill,rap
Beastie Boys,Paul's Boutique,pop-rock
Beastie Boys,Paul's Boutique,rap
Beastie Boys,Solid Gold Hits,rap
Beastie Boys,Video Anthology,rap
Bebe,Pafuera Telarañas,latin
Bee Gees,Number Ones,r-b
Bee Gees,Saturday Night Fever [Original Movie Soundtrack],stage-screen
Ben Harper,Get Up!,blues
Beyoncé,I Am...Yours: An Intimate Performance at Wynn Las Vegas,r-b
Bill Laswell,Book of Exit: Dub Chamber 4,avant-garde
Billy Bragg,Don't Try This at Home,folk
Billy Bragg,Life's a Riot with Spy vs Spy,folk
Billy Joel,Piano Man,pop-rock
Biz Markie,The Biz Never Sleeps,rap
Björk,Björk's Greatest Hits,electronic
Björk,Debut,electronic
Björk,Drawing Restraint 9,electronic
Björk,Homogenic,electronic
Björk,Medúlla,electronic
Björk,Post,electronic
Björk,Telegram,electronic
Björk,Vespertine,electronic
Björk,Volta,electronic
Blur,Blur,pop-rock
Blur,Parklife,pop-rock
Blur,The Great Escape,pop-rock
Bo Diddley,Bo Diddley's Beach Party,r-b
Bob Dylan,"Another Self Portrait (1969-1971): The Bootleg Series, Vol. 10",pop-rock
Bob Dylan,"Bob Dylan's Greatest Hits, Vol. 2",folk
Bob Dylan,"Bob Dylan's Greatest Hits, Vol. 3",folk
Bob Dylan,"The Best of Bob Dylan, Vol. 2",folk
Bob Dylan,"The Bootleg Series, Vol. 4: The ""Royal Albert Hall"" Concert",folk
Bob Dylan,"The Bootleg Series, Vol. 6: Bob Dylan Live 1964 - Concert at Philharmonic Hall",folk
Bob Dylan,"The Bootleg Series, Vol. 7: No Direction Home - The Soundtrack",folk
Bob Dylan,"The Bootleg Series, Vol. 9: The Witmark Demos: 1962-1964",folk
Bob Dylan,"The Bootleg Series, Vols. 1-3 (Rare & Unreleased) 1961-1991",folk
Bob Dylan,"The Collection, Vol. 2: Freewheelin' Bob Dylan/Times They Are A-Changin'/Another Side",folk
Bob Dylan,"The Freewheelin' Outtakes: The Columbia Sessions, NYC, 1962",folk
Bob Dylan,Another Side of Bob Dylan,folk
Bob Dylan,Biograph,folk
Bob Dylan,Blonde on Blonde/Blood on the Tracks/Time Out of Mind,folk
Bob Dylan,Bob Dylan [Limited Edition Hybrid SACD Set],folk
Bob Dylan,Bob Dylan's Greatest Hits,folk
Bob Dylan,Bob Dylan,folk
Bob Dylan,Bringing It All Back Home,folk
Bob Dylan,Dylan [2007],folk
Bob Dylan,Dylan [2007],pop-rock
Bob Dylan,Freewheelin' Bob Dylan/Times They Are A-Changin'/Another Side of Bob Dylan,folk
Bob Dylan,Greatest Hits [UK],folk
Bob Dylan,Highway 61 Revisited,folk
Bob Dylan,I'm Not There [Original Soundtrack],stage-screen
Bob Dylan,Live at Carnegie Hall 1963,folk
Bob Dylan,Live: 1961-2000,folk
Bob Dylan,Masterpieces,folk
Bob Dylan,The Best of Bob Dylan [Sony/BMG 2005],folk
Bob Dylan,The Collection: Another Side of Bob Dylan/Bringing It All Back Home/Highway 61 Revisited,folk
Bob Dylan,The Essential Bob Dylan,folk
Bob Dylan,The Freewheelin' Bob Dylan,folk
Bob Dylan,The Original Mono Recordings,folk
Bob Dylan,The Other Side of the Mirror: Live at Newport Folk Festival 1963-1965,folk
Bob Dylan,The Times They Are A-Changin',folk
Bob Dylan,The Very Best of Bob Dylan [2000],folk
Bob Dylan,Together Through Life,pop-rock
Bob James,Two of a Kind,easy-listening
Bonnie Raitt,Slipstream,blues
Boogie Down Productions,Criminal Minded,rap
Boyz II Men,Legacy: The Greatest Hits Collection,r-b
Brian Eno,"Fourth World, Vol. 1: Possible Musics",avant-garde
Brian Eno,"Fourth World, Vol. 1: Possible Musics",new-age
Brian Eno,Ambient 1: Music for Airports,avant-garde
Brian Eno,Ambient 1: Music for Airports,electronic
Brian Eno,Ambient 4: On Land,avant-garde
Brian Eno,Ambient 4: On Land,electronic
Brian Eno,Another Green World,avant-garde
Brian Eno,Apollo: Atmospheres & Soundtracks,avant-garde
Brian Eno,Apollo: Atmospheres & Soundtracks,electronic
Brian Eno,Discreet Music,electronic
Brian Eno,Drums Between the Bells,avant-garde
Brian Eno,Drums Between the Bells,electronic
Brian Eno,January 07003: Bell Studies for the Clock of the Long Now,avant-garde
Brian Eno,Music for Films,avant-garde
Brian Eno,Neroli,avant-garde
Brian Eno,Panic of Looking,avant-garde
Brian Eno,Panic of Looking,electronic
Brian Eno,Small Craft on a Milk Sea,electronic
Bruce Cockburn,Anything Anytime Anywhere (Singles 1979-2002),folk
Bruce Cockburn,Life Short Call Now,folk
Bruce Cockburn,Stealing Fire,folk
Bruce Cockburn,The Charity of Night,folk
Bruce Springsteen,We Shall Overcome: The Seeger Sessions,country
Bruce Springsteen,We Shall Overcome: The Seeger Sessions,folk
Caetano Veloso,A Foreign Sound,latin
Caetano Veloso,Caetano Veloso (A Little More Blue),latin
Caetano Veloso,Caetano Veloso [Tropicália],latin
Candy Dulfer,Candy Store,easy-listening
Cee Lo Green,The Lady Killer,r-b
Charlie Byrd,Jazz Samba,international
Chris Botti,Live in Boston,vocal
Chris Botti,The Very Best of Chris Botti,easy-listening
Chris Botti,To Love Again: The Duets,easy-listening
Christina Aguilera,Back to Basics,r-b
Christina Aguilera,Keeps Gettin' Better: A Decade of Hits,r-b
Clannad,Lore,new-age
Cluster,Cluster & Eno,avant-garde
Cole Porter,High Society,stage-screen
Common,Like Water for Chocolate,rap
Concha Buika,La Noche Más Larga,latin
Count Basie,Bennett & Basie Strike Up the Band,stage-screen
Count Basie,Sinatra At the Sands,jazz
Count Basie,Sinatra At the Sands,vocal
Count Basie,Sinatra-Basie: An Historic Musical First,vocal
Count Basie,The Complete Reprise Studio Recordings,vocal
Curren$y,The Stoned Immaculate,rap
Curtis Mayfield,Curtis,r-b
Curtis Mayfield,Super Fly [Original Soundtrack],stage-screen
Cypress Hill,Black Sunday,rap
Cypress Hill,Cypress Hill,rap
DJ Shadow,"The Less You Know, The Better",electronic
DJ Shadow,"The Less You Know, The Better",rap
DJ Shadow,Endtroducing...,electronic
DJ Shadow,Reconstructed: The Best of DJ Shadow,rap
Daddy Yankee,Prestige,latin
Daft Punk,Alive 2007,electronic
Danny Elfman and the Mystic Knights of the Oingo,Forbidden Zone,stage-screen
Danny Elfman,Alice in Wonderland [Original Score],stage-screen
Danny Elfman,Batman [Original Motion Picture Score],stage-screen
Danny Elfman,Beetlejuice,stage-screen
Danny Elfman,Edward Scissorhands [Original Motion Picture Soundtrack],stage-screen
Danny Elfman,Flubber [Original Score],stage-screen
Danny Elfman,Frankenweenie [Original Score],stage-screen
Danny Elfman,Sleepy Hollow [Original Soundtrack],stage-screen
Danny Elfman,Terminator: Salvation [Original Soundtrack],stage-screen
Danny Elfman,Tim Burton's The Nightmare Before Christmas [Original Motion Picture Soundtrack],stage-screen
Dar Williams,In the Time of Gods,folk
Dave Grusin,Two Worlds,new-age
David Arkenstone,Valley in the Clouds,new-age
David Bowie,Aladdin Sane,pop-rock
David Bowie,Station to Station,pop-rock
David Byrne,My Life in the Bush of Ghosts,avant-garde
Dean Martin,Collected Cool,vocal
Dean Martin,Dino: The Essential Dean Martin,vocal
Dean Martin,Icon: My Kind of Christmas,vocal
Depeche Mode,Barrel of a Gun,electronic
Depeche Mode,Enjoy the Silence,electronic
Depeche Mode,In Your Room,electronic
Depeche Mode,The Singles 81>85,electronic
Depeche Mode,Walking in My Shoes,electronic
Diana Krall,Love Scenes,jazz
Diana Krall,Love Scenes,vocal
Diana Krall,The Very Best of Diana Krall,jazz
Diana Reyes,Insatisfecha,latin
Dolly Parton,9 to 5 and Odd Jobs,country
Dolly Parton,Coat of Many Colors,country
Dolly Parton,Hungry Again,country
Dolly Parton,The Essential Dolly Parton,country
Dolly Parton,The Grass Is Blue,folk
Doris Day,It's Magic [Bear Family],easy-listening
Double Trouble,Texas Flood,blues
Double Trouble,The Sky Is Crying,blues
Doug Sahm,The Best of Doug Sahm's Atlantic Sessions,latin
Doug Sahm,The Complete Mercury Masters,latin
Doug Sahm,The Return of Wayne Douglas,latin
Drake,Take Care,rap
Duke Ellington,Duke Ellington Meets Coleman Hawkins,jazz
Duke Ellington,Ellington Uptown,jazz
Duke Ellington,Side by Side,jazz
Duke Ellington,The Duke: The Essential Recordings (1927-1962),stage-screen
E,Eazy-Duz-It,rap
EPMD,Strictly Business,rap
Ella Fitzgerald,1954-55,vocal
Ella Fitzgerald,The Best of Twelve Nights in Hollywood,vocal
Ella Fitzgerald,The Voice of Jazz,vocal
Elton John,Goodbye Yellow Brick Road,pop-rock
Elton John,The Road to El Dorado,stage-screen
Elvis Costello,National Ransom,country
Elvis Costello,The River in Reverse,blues
Elvis Presley,Christmas Peace,new-age
Elvis Presley,Elvis Country,pop-rock
Elvis Presley,Elvis Is Back!,pop-rock
Elvis Presley,Elvis Presley [1956],pop-rock
Elvis Presley,Elvis Recorded Live on Stage in Memphis,pop-rock
Elvis Presley,On Stage,pop-rock
Eminem,8 Mile,rap
Eminem,Curtain Call: The Hits,rap
Eminem,Relapse,rap
Eminem,The Eminem Show,rap
Eminem,The Marshall Mathers LP 2,rap
Eminem,The Marshall Mathers LP,rap
Eminem,The Slim Shady LP,rap
Emmylou Harris,All I Intended to Be,country
Enigma,MCMXC A.D.,new-age
Enrique Iglesias,7,latin
Enrique Iglesias,Enrique,latin
Enrique Iglesias,Escape,latin
Enrique Iglesias,Greatest Hits,latin
Enya,Only Time: The Collection,new-age
Enya,Paint the Sky with Stars: The Best of Enya,international
Enya,Paint the Sky with Stars: The Best of Enya,new-age
Enya,Shepherd Moons,international
Enya,Shepherd Moons,new-age
Enya,The Very Best of Enya,international
Enya,The Very Best of Enya,new-age
Enya,Watermark,international
Enya,Watermark,new-age
Erasure,The Innocents,electronic
Eric Clapton,Just One Night,blues
Eric Clapton,MTV Unplugged,pop-rock
Eric Clapton,Riding with the King,blues
Eric Clapton,Slowhand,pop-rock
Fela Kuti,"Box Set, Vol. 1",international
Fela Kuti,"Box Set, Vol. 2",international
Fela Kuti,Koola Lobitos/The '69 Los Angeles Sessions,international
Fela Kuti,Music Is the Weapon [DVD],international
Fela Kuti,Original Suffer Head/I.T.T.,international
Fela Kuti,Shakara/London Scene,international
Fela Kuti,Shuffering and Shmiling/No Agreement,international
Fela Kuti,The Best of the Black President,international
Fela Kuti,Underground System,international
Fela Kuti,Zombie,international
Fleetwood Mac,Then Play On,blues
Frank Sinatra,"A Man and His Music, Vol. 1",vocal
Frank Sinatra,A Swingin' Affair!,jazz
Frank Sinatra,A Swingin' Affair!,vocal
Frank Sinatra,Capitol Collectors Series,vocal
Frank Sinatra,Classic Sinatra II,vocal
Frank Sinatra,Classic Sinatra: His Greatest Performances 1953-1960,vocal
Frank Sinatra,Close to You and More,vocal
Frank Sinatra,Come Dance with Me!,jazz
Frank Sinatra,Come Dance with Me!,vocal
Frank Sinatra,Come Fly with Me,vocal
Frank Sinatra,Concepts,stage-screen
Frank Sinatra,Frank Sinatra's Greatest Hits!,vocal
Frank Sinatra,Gold [AMW/EMI],vocal
Frank Sinatra,In the Wee Small Hours,jazz
Frank Sinatra,In the Wee Small Hours,vocal
Frank Sinatra,Live in Australia 1959,vocal
Frank Sinatra,Nice 'n' Easy,jazz
Frank Sinatra,Nice 'n' Easy,vocal
Frank Sinatra,No One Cares,vocal
Frank Sinatra,Nothing But the Best: The Frank Sinatra Collection,jazz
Frank Sinatra,Nothing But the Best: The Frank Sinatra Collection,vocal
Frank Sinatra,Only the Lonely,jazz
Frank Sinatra,Only the Lonely,vocal
Frank Sinatra,Romance: Songs from the Heart,vocal
Frank Sinatra,September of My Years,jazz
Frank Sinatra,September of My Years,vocal
Frank Sinatra,Sinatra 80th: All the Best,vocal
Frank Sinatra,Sinatra Reprise: The Very Good Years,vocal
Frank Sinatra,Sinatra Sings Cole Porter,vocal
Frank Sinatra,Sinatra at the Movies,jazz
Frank Sinatra,Sinatra at the Movies,vocal
Frank Sinatra,Sinatra's Swingin' Session!!! And More,vocal
Frank Sinatra,Sinatra: Best of the Best,vocal
Frank Sinatra,Sings His Greatest Hits,vocal
Frank Sinatra,Sings the Select Rodgers & Hart,stage-screen
Frank Sinatra,Songs for Swingin' Lovers!,jazz
Frank Sinatra,Songs for Swingin' Lovers!,vocal
Frank Sinatra,Songs for Young Lovers & Swing Easy,vocal
Frank Sinatra,Special 3 CD Collection,jazz
Frank Sinatra,Special 3 CD Collection,vocal
Frank Sinatra,Swing and Dance with Frank Sinatra,vocal
Frank Sinatra,The Best of the Capitol Years,vocal
Frank Sinatra,The Best of the Columbia Years: 1943-1952,vocal
Frank Sinatra,The Capitol Years,vocal
Frank Sinatra,The Complete Capitol Singles Collection,stage-screen
Frank Sinatra,The Complete Reprise Studio Recordings,stage-screen
Frank Sinatra,The Complete Reprise Studio Recordings,vocal
Frank Sinatra,The Essential Frank Sinatra with the Tommy Dorsey Orchestra,vocal
Frank Sinatra,The Essential Frank Sinatra: The Columbia Years [2-CD],jazz
Frank Sinatra,The Sinatra Christmas Album,vocal
Frank Sinatra,The V-Discs: Columbia Years: 1943-45,jazz
Frank Sinatra,The V-Discs: Columbia Years: 1943-45,vocal
Frank Sinatra,The Voice of Frank Sinatra,vocal
Frank Sinatra,The Voice,vocal
Frank Sinatra,The Voice: The Columbia Years (1943-1952) [#1],stage-screen
Frank Sinatra,Watertown,vocal
Frank Sinatra,Where Are You?,jazz
Frank Sinatra,Where Are You?,vocal
Fred Frith,Allies,avant-garde
Furious Five,The Message,rap
Game,The R.E.D. Album,rap
Genre,Artist,Album
George Benson,Give Me the Night,r-b
George Harrison,Collaborations,international
George Jones,The Complete United Artists Solo Singles,country
George Jones,The Grand Tour/Alone Again,country
George Jones,The Hits...Then 'Til Now,country
George Michael,Faith,pop-rock
George Michael,Ladies & Gentlemen: The Best of George Michael,r-b
George Winston,December,new-age
George Winston,The Velveteen Rabbit,new-age
Ghostface Killah,Ironman,rap
Gladys Knight,Gold,r-b
Gloria Estefan,"Greatest Hits, Vol. II",latin
Gloria Estefan,90 Millas,latin
Gloria Estefan,Amor y Suerte: Exitos Romanticos,latin
Gloria Estefan,Cuts Both Ways,latin
Gloria Estefan,Exitos de Gloria Estefan,latin
Gloria Estefan,Greatest Hits,electronic
Gloria Estefan,Greatest Hits,latin
Gloria Estefan,Let It Loose,latin
Gloria Estefan,Mí Tierra,latin
Gloria Estefan,Oye Mi Canto: Los Éxitos,latin
Gloria Estefan,Playlist: The Very Best of Gloria Estefan,latin
Gloria Estefan,The Essential Gloria Estefan,latin
Gorillaz,The Singles Collection 2001-2011,rap
Grateful Dead,Grayfolded,avant-garde
Gregg Allman,Low Country Blues,blues
Gucci Mane,The State vs. Radric Davis,rap
Harold Budd,Ambient 2: The Plateaux of Mirror,avant-garde
Harold Budd,Ambient 2: The Plateaux of Mirror,electronic
Harold Budd,Ambient 2: The Plateaux of Mirror,new-age
Harold Budd,The Pearl,avant-garde
Harold Budd,The Pearl,electronic
Harold Budd,The Pearl,new-age
Harry Belafonte,Sing Your Song [Original Motion Picture Soundtrack],international
Harry Belafonte,The Very Best of Harry Belafonte,international
Hauschka,Abandoned City,avant-garde
Henry Mancini,A Merry Mancini Christmas,easy-listening
Henry Mancini,Breakfast at Tiffany's [Music from the Motion Picture Score],easy-listening
Henry Mancini,Breakfast at Tiffany's [Music from the Motion Picture Score],stage-screen
Herb Alpert,Passion Dance,easy-listening
Herb Alpert,Rise,easy-listening
Herb Alpert,South of the Border,easy-listening
Herbie Hancock,Head Hunters,r-b
Ice Cube,AmeriKKKa's Most Wanted,rap
Ice Cube,Death Certificate,rap
Il Divo,The Greatest Hits,easy-listening
India.Arie,Voyage to India,r-b
Irene Pappas,Odes,new-age
Isaac Hayes,Essential Albums,r-b
Isaac Hayes,Hot Buttered Soul,r-b
Isaac Hayes,Shaft,r-b
Isaac Hayes,Shaft,stage-screen
James Horner,Titanic [Original Motion Picture Soundtrack],stage-screen
Jamiroquai,Emergency on Planet Earth,electronic
Jamiroquai,Emergency on Planet Earth,r-b
Jamiroquai,The Return of the Space Cowboy,r-b
Jamiroquai,Travelling Without Moving,electronic
Jason Urick,I Love You,avant-garde
Jean Michel Jarre,En Attendant Cousteau,avant-garde
Jean Michel Jarre,En Attendant Cousteau,new-age
Jean Michel Jarre,Images: The Best of Jean Michel Jarre,new-age
Jean Michel Jarre,Les Chants Magnetiques,avant-garde
Jean Michel Jarre,Les Chants Magnetiques,new-age
Jean Michel Jarre,Metamorphoses,new-age
Jean Michel Jarre,Oxygène,avant-garde
Jean Michel Jarre,Oxygène,electronic
Jean Michel Jarre,Oxygène,new-age
Jean Michel Jarre,Sessions 2000,new-age
Jean Michel Jarre,The Concerts in China,avant-garde
Jean Michel Jarre,The Concerts in China,new-age
Jean Michel Jarre,The Essential Jean Michel Jarre,avant-garde
Jean Michel Jarre,The Essential Jean Michel Jarre,new-age
Jean Michel Jarre,Zoolook,new-age
Jeff Beck,Beck-Ola,blues
Jeff Beck,Truth,blues
Jerry Lee Lewis,The Essential Jerry Lee Lewis: The Sun Sessions,country
Jim Brickman,Homecoming,new-age
Jim Brickman,Love Songs and Lullabies,new-age
Jimi Hendrix,Are You Experienced?,pop-rock
Jimi Hendrix,Axis: Bold as Love,pop-rock
Jimi Hendrix,Blues,blues
Jimi Hendrix,Blues,pop-rock
Jimi Hendrix,Electric Ladyland,pop-rock
Jimi Hendrix,First Rays of the New Rising Sun,pop-rock
Jimi Hendrix,Smash Hits,pop-rock
Jimi Hendrix,The Jimi Hendrix Experience: BBC Sessions,pop-rock
Joe Lovano,Symphonica,jazz
Joe Pass,Virtuoso,new-age
John Cale,Wrong Way Up,avant-garde
John Coltrane,Duke Ellington & John Coltrane,jazz
John Coltrane,The Best of Miles Davis & John Coltrane: 1955-1961,jazz
John Hiatt,Bring the Family,country
John Hiatt,Collected,country
John Hiatt,Same Old Man,pop-rock
John Hiatt,Slow Turning,country
John Lennon,Double Fantasy,pop-rock
John Lennon,Imagine,pop-rock
John Lennon,John Lennon/Plastic Ono Band,pop-rock
John Lennon,Mind Games,pop-rock
John Lennon,Rock 'n' Roll,pop-rock
John Martyn,Live at Leeds,folk
John Mayall,Bluesbreakers with Eric Clapton,blues
John McLaughlin,The Promise,jazz
John Tesh,Christmas Worship,new-age
John Zorn,Mount Analogue,avant-garde
John Zorn,The Gnostic Preludes: Music of Splendor,avant-garde
John Zorn,The Goddess: Music for the Ancient of Days,avant-garde
Johnny Cash,"Bootleg, Vol. 4: The Soul of Truth",country
Johnny Cash,American Recordings,country
Johnny Cash,At Folsom Prison,country
Johnny Cash,Johnny Cash at San Quentin,country
Johnny Cash,Johnny Cash with His Hot and Blue Guitar,country
Johnny Cash,The Essential Johnny Cash,country
Johnny Cash,The Fabulous Johnny Cash,country
Johnny Cash,The Greatest: The Number Ones,country
Johnny Cash,The Million Dollar Quartet,country
Jon Hassell,Power Spot,new-age
Josh Groban,Awake,easy-listening
Josh Groban,Closer,easy-listening
Josh Groban,Illuminations,easy-listening
Kanye West,Graduation,rap
Kanye West,Late Registration,rap
Kanye West,My Beautiful Dark Twisted Fantasy,rap
Kanye West,The College Dropout,rap
Kenny G,At Last...The Duets Album,easy-listening
Kenny G,Classics in the Key of G,easy-listening
Kenny G,Duotones,easy-listening
Kenny G,The Moment,easy-listening
Kenny G,Ultimate Kenny G,easy-listening
Kid Cudi,Man on the Moon: The End of Day,rap
Kitaro,Dream,new-age
Kitaro,Tenku,avant-garde
Kitaro,Tenku,new-age
Kitaro,The Best of Ten Years (1976-1986),new-age
Kitaro,The Light of the Spirit,avant-garde
Kitaro,The Light of the Spirit,new-age
Klaus Schulze,Moondawn,avant-garde
Klaus Schulze,X,avant-garde
Kraftwerk,Autobahn,avant-garde
Kraftwerk,Autobahn,electronic
Kraftwerk,Computer World,avant-garde
Kraftwerk,Computer World,electronic
Kraftwerk,Radio-Aktivität,avant-garde
Kraftwerk,Radio-Aktivität,electronic
Kraftwerk,The Catalogue,electronic
Kraftwerk,The Man-Machine,avant-garde
Kraftwerk,The Man-Machine,electronic
Kraftwerk,Tour de France,avant-garde
Kraftwerk,Tour de France,electronic
Kraftwerk,Trans-Europe Express,avant-garde
Kraftwerk,Trans-Europe Express,electronic
Kylie Minogue,Hits +,electronic
Kylie Minogue,K25: Time Capsule,electronic
Kylie Minogue,Kiss Me Once,electronic
LL Cool J,Mama Said Knock You Out,rap
Lady Gaga,The Fame Monster,pop-rock
Lady Gaga,The Fame,pop-rock
Larry Harlow,La Raza Latina: A Salsa Suite,latin
Laura Pausini,Escucha,latin
Laura Pausini,Live Gira Mundial 09,latin
Led Zeppelin,Led Zeppelin II,blues
Led Zeppelin,Led Zeppelin II,pop-rock
Led Zeppelin,Led Zeppelin III,blues
Led Zeppelin,Led Zeppelin III,pop-rock
Led Zeppelin,Led Zeppelin IV,blues
Led Zeppelin,Led Zeppelin,blues
Led Zeppelin,Led Zeppelin,pop-rock
Lee Ritenour,Festival,easy-listening
Lee Ritenour,Portrait,easy-listening
Lee Ritenour,Rio,easy-listening
Lee Ritenour,This Is Love,easy-listening
Lee Ritenour,Wes Bound,easy-listening
Lena Horne,Lena Horne Sings: The M-G-M Singles,stage-screen
Lena Horne,The Essential Lena Horne,stage-screen
Leonard Cohen,Live in London,folk
Leonard Cohen,Songs of Leonard Cohen,folk
Leonard Cohen,Songs of Love and Hate,folk
Lil Jon,Crunk Juice,rap
Lil Wayne,500 Degreez,rap
Lil Wayne,Tha Carter II,rap
Lila Downs,Shake Away/Ojo de Culebra,latin
Loreena McKennitt,Elemental,folk
Loreena McKennitt,Live in Paris and Toronto,international
Loreena McKennitt,Live in Paris and Toronto,new-age
Loreena McKennitt,Nights from the Alhambra,new-age
Loreena McKennitt,Parallel Dreams,international
Loreena McKennitt,Parallel Dreams,new-age
Loreena McKennitt,The Mask and Mirror,international
Loreena McKennitt,The Mask and Mirror,new-age
Loreena McKennitt,The Visit,international
Loreena McKennitt,The Visit,new-age
Loreena McKennitt,The Wind That Shakes the Barley,folk
Loren Connors,Red Mars,avant-garde
Los Lobos,Kiko,latin
Louis Armstrong,Porgy & Bess with Ella Fitzgerald & Louis Armstrong,vocal
Louis Armstrong,The Great Summit: Complete Louis Armstrong-Duke Ellington Sessions: The Master Tapes,jazz
Louis Armstrong,The Great Summit: Complete Louis Armstrong-Duke Ellington Sessions: The Master Tapes,vocal
Lucinda Williams,Lucinda Williams,folk
Luis Miguel,El Concierto,latin
Luiz Bonfá,Jazz Samba Encore!,international
Madeleine Peyroux,Bare Bones,vocal
Madonna,The Immaculate Collection,electronic
Madonna,Vogue,electronic
Major Lazer,Free the Universe,electronic
Marc Ribot,Silent Movies,avant-garde
Marcos Valle,Garra,international
Marcos Valle,Garra,latin
Marcos Valle,Previsão do Tempo,international
Marcos Valle,Previsão do Tempo,latin
Marcos Valle,Vento Sul,international
Marcos Valle,Vento Sul,latin
Mark Isham,Blue Sun,new-age
Marvin Gaye,Let's Get It On,r-b
Marvin Gaye,What's Going On,r-b
Massive Attack,Blue Lines,electronic
Massive Attack,Collected,electronic
Massive Attack,Mezzanine,electronic
Massive Attack,Protection,electronic
Master P,Ghetto D,rap
Megadeth,Peace Sells...But Who's Buying?,pop-rock
Method Man,Blackout! Vol. 2,rap
Michael Jackson,Bad,pop-rock
Michael Jackson,Bad,r-b
Michael Jackson,Ben,r-b
Michael Jackson,Gold,electronic
Michael Jackson,Number Ones,r-b
Michael Jackson,Off the Wall,r-b
Michael Jackson,The Definitive Collection,r-b
Michael Jackson,The Essential Michael Jackson,r-b
Michael Jackson,The Ultimate Collection [Sony/Epic],electronic
Michael Jackson,Thriller,r-b
Michael W. Smith,Worship,new-age
Mike Oldfield,Elements: Mike Oldfield 1973-1991,new-age
Mike Oldfield,Five Miles Out,new-age
Mike Oldfield,Hergest Ridge,new-age
Mike Oldfield,Mike Oldfield Boxed,new-age
Mike Oldfield,Music of the Spheres,new-age
Mike Oldfield,Ommadawn,avant-garde
Mike Oldfield,Ommadawn,new-age
Mike Oldfield,Platinum/QE2/Five Miles Out,new-age
Mike Oldfield,The Best of Mike Oldfield: Elements,new-age
Mike Oldfield,The Best of Tubular Bells,new-age
Mike Oldfield,The Complete,new-age
Mike Oldfield,Tubular Bells,new-age
Miles Davis,"In Person: Friday and Saturday Nights at the Blackhawk, Complete",jazz
Miles Davis,"Jazz at the Plaza, Vol. 1",jazz
Miles Davis,"Live in Europe 1967: The Bootleg Series, Vol. 1",jazz
Miles Davis,"Live in Europe 1969: The Bootleg Series, Vol. 2",jazz
Miles Davis,"Miles Davis, Vol. 1",jazz
Miles Davis,"Miles Davis, Vol. 2",jazz
Miles Davis,'Round About Midnight,jazz
Miles Davis,A Tribute to Jack Johnson,jazz
Miles Davis,Agharta,jazz
Miles Davis,Amandla,jazz
Miles Davis,Ascenseur Pour l'Échafaud,jazz
Miles Davis,Bags' Groove,jazz
Miles Davis,Birth of the Cool,jazz
Miles Davis,Bitches Brew,jazz
Miles Davis,Collectors' Items,jazz
Miles Davis,Cookin' with the Miles Davis Quintet,jazz
Miles Davis,E.S.P.,jazz
Miles Davis,Filles de Kilimanjaro,jazz
Miles Davis,Four & More,jazz
Miles Davis,In Person: Friday Night at the Blackhawk,jazz
Miles Davis,In a Silent Way,jazz
Miles Davis,Kind of Blue,jazz
Miles Davis,Live Around the World,jazz
Miles Davis,Live-Evil,jazz
Miles Davis,Miles Ahead,jazz
Miles Davis,Miles Davis and the Modern Jazz Giants,jazz
Miles Davis,Miles Davis in Europe,jazz
Miles Davis,Miles Smiles,jazz
Miles Davis,Miles in Tokyo,jazz
Miles Davis,Milestones,jazz
Miles Davis,My Funny Valentine,jazz
Miles Davis,Nefertiti,jazz
Miles Davis,On the Corner,jazz
Miles Davis,Pangaea,jazz
Miles Davis,Porgy and Bess,jazz
Miles Davis,Relaxin' with the Miles Davis Quintet,jazz
Miles Davis,Seven Steps to Heaven,jazz
Miles Davis,Sketches of Spain,jazz
Miles Davis,Someday My Prince Will Come,jazz
Miles Davis,Someday My Prince Will Come,vocal
Miles Davis,Sorcerer,jazz
Miles Davis,Steamin' with the Miles Davis Quintet,jazz
Miles Davis,The Collection: Sketches of Spain/Kind of Blue/In a Silent Way,jazz
Miles Davis,The Complete Columbia Album Collection,jazz
Miles Davis,The Essential Miles Davis [Columbia/Legacy],jazz
Miles Davis,Walkin',jazz
Miles Davis,Workin' with the Miles Davis Quintet,jazz
Milton Nascimento,Courage,latin
Morcheeba,Blood Like Lemonade,electronic
Morelenbaum²,Morelenbaum 2/Sakamoto: Casa,international
Morelenbaum²,Morelenbaum 2/Sakamoto: Casa,latin
Muddy Waters,At Newport,blues
Muddy Waters,Folk Singer,blues
N.W.A,Straight Outta Compton,rap
Nas,Essential,rap
Nas,Illmatic,rap
Nas,Nas,rap
Neil Young,"Neil Young Archives, Vol. I (1963-1972)",pop-rock
Neil Young,Chrome Dreams II,pop-rock
Nick Drake,Bryter Layter,folk
Nick Drake,Five Leaves Left,folk
Nick Drake,Pink Moon,folk
Nirvana,In Utero,pop-rock
Nirvana,Nevermind,pop-rock
Norah Jones,Come Away with Me,jazz
Norah Jones,The Fall,pop-rock
Ofra Haza,Yemenite Songs,international
Ol' Dirty Bastard,Return to the 36 Chambers: The Dirty Version,rap
One Direction,Take Me Home,pop-rock
Ornette Coleman,Something Else: The Music of Ornette Coleman,jazz
Pat Metheny,A Map of the World,stage-screen
Pat Metheny,American Garage,jazz
Pat Metheny,Offramp,jazz
Pat Metheny,Pat Metheny Group,jazz
Pat Metheny,The Falcon and the Snowman,stage-screen
Pat Metheny,Unity Band,jazz
Paul Anka,Anka/Feelings,easy-listening
Paul Franklin,Bakersfield,country
Paul McCartney,Band on the Run,pop-rock
Paul McCartney,McCartney,pop-rock
Paul McCartney,Memory Almost Full,pop-rock
Paul McCartney,New,pop-rock
Paul McCartney,Ram,pop-rock
Paul Simon,Graceland,international
Paul Simon,Graceland,pop-rock
Paul Simon,Songwriter,international
Paul Simon,The Essential Paul Simon,international
Paul Simon,The Rhythm of the Saints,international
Paulina Rubio,Gran City Pop,latin
Pearl Jam,Ten,pop-rock
Pearl Jam,Vitalogy,pop-rock
Pearl Jam,Vs.,pop-rock
Penguin Cafe Orchestra,"Preludes, Airs & Yodels",new-age
Penguin Cafe Orchestra,Concert Program,new-age
Penguin Cafe Orchestra,Penguin Cafe Orchestra,new-age
Perry Como,Complete RCA Christmas Collection,easy-listening
Peter Gabriel,Birdy,stage-screen
Peter Gabriel,So,pop-rock
Philip Glass,Philip Glass: Einstein on the Beach,avant-garde
Philip Glass,Philip Glass: Music in Twelve Parts,avant-garde
Philip Glass,Steve Reich: Four Organs; Phase Patterns,avant-garde
Pink Floyd,The Dark Side of the Moon,pop-rock
Pitbull,El Mariel,rap
Primal Scream,Screamadelica,electronic
Prince,1999,r-b
Prince,Girl 6 [Original Soundtrack],stage-screen
Public Enemy,It Takes a Nation of Millions to Hold Us Back,rap
Pérez Prado,"Havana, 3 A.M.",latin
Queen,A Night at the Opera,pop-rock
Queen,Greatest Hits II,pop-rock
Queen,Queen II,pop-rock
Queen,Sheer Heart Attack,pop-rock
R.E.M.,Accelerate,pop-rock
R.E.M.,Document,pop-rock
R.E.M.,Fables of the Reconstruction,pop-rock
R.E.M.,Life's Rich Pageant,pop-rock
R.E.M.,Reckoning,pop-rock
Ray Barretto,Acid,latin
Ray Barretto,Ritmo en el Corazon,latin
Ray Charles,Singular Genius: The Complete ABC Singles,blues
Reba McEntire,50 Greatest Hits,country
Richard Thompson,Shoot Out the Lights,folk
Rick Ross,Deeper Than Rap,rap
Rick Ross,Mastermind,rap
Ricky Martin,17,latin
Ricky Martin,Best of Ricky Martin,latin
Ricky Martin,Ricky Martin [1999],latin
Robert Cray,Cookin' in Mobile,blues
Robert Plant,Band of Joy,folk
Robin Thicke,Something Else,r-b
Rosanne Cash,The River & the Thread,country
Rosanne Cash,The River & the Thread,folk
Rosemary Clooney,A Touch of Tabasco,latin
Rosemary Clooney,A Touch of Tabasco,vocal
Rubén Blades,Siembra,latin
Ryuichi Sakamoto,Beauty,new-age
Saint Etienne,Tiger Bay,electronic
Scarface,Emeritus,rap
Scott Walker,Bish Bosch,avant-garde
Seal,Hits,electronic
Shakira,"Fijación Oral, Vol. 1",latin
Shakira,"Oral Fixation, Vol. 2",latin
Shakira,Dónde Están los Ladrones?,latin
Shakira,Grandes Exitos,latin
Shakira,Laundry Service,latin
Shakira,MTV Unplugged,latin
Shakira,Pies Descalzos,latin
Shakira,Sale el Sol,latin
Shakira,She Wolf,latin
Sheryl Crow,Detours,pop-rock
Simon & Garfunkel,Bridge Over Troubled Water,folk
Snoop Dogg,Doggystyle,rap
Snoop Dogg,Malice N Wonderland,rap
Snoop Dogg,Murder Was the Case,stage-screen
Snoop Dogg,Paid tha Cost to Be Da Bo$$,rap
Snoop Dogg,R&G (Rhythm & Gangsta): The Masterpiece,rap
Snoop Dogg,Tha Blue Carpet Treatment,rap
Sonic Youth,Simon Werner a Disparu,stage-screen
Sonny Rollins,Alfie [Original Music from the Score],stage-screen
Stan Getz,Big Band Bossa Nova,international
Stan Getz,Getz au Go Go,international
Stan Getz,Getz/Gilberto #2,international
Stan Getz,Getz/Gilberto,international
Stan Getz,Stan Getz with Guest Artist Laurindo Almeida,international
Stan Getz,The Best of Two Worlds,international
Stan Getz,The Complete Columbia Albums Collection,international
Stan Getz,West Coast Jazz,international
Stars,Live in Africa,latin
Steve Earle,The Mountain,folk
Steve Reich,Steve Reich: Early Works,avant-garde
Steven Curtis Chapman,Greatest Hits,new-age
Stevie Ray Vaughan,"Live from Austin, Texas",blues
Stevie Ray Vaughan,"The Real Deal: Greatest Hits, Vol. 2",blues
Stevie Ray Vaughan,Couldn't Stand the Weather,blues
Stevie Ray Vaughan,Couldn't Stand the Weather,pop-rock
Stevie Ray Vaughan,Greatest Hits,blues
Stevie Ray Vaughan,In Step,blues
Stevie Ray Vaughan,Live at Carnegie Hall,blues
Stevie Ray Vaughan,The Essential Stevie Ray Vaughan and Double Trouble,blues
Stevie Wonder,Fulfillingness' First Finale,r-b
Stevie Wonder,Hotter Than July,r-b
Stevie Wonder,Innervisions,r-b
Stevie Wonder,Music of My Mind,r-b
Stevie Wonder,Original Musiquarium I,r-b
Stevie Wonder,Songs in the Key of Life,r-b
Stevie Wonder,Talking Book,r-b
Stevie Wonder,The Definitive Collection,r-b
Suzanne Ciani,Seven Waves,new-age
T.I.,King,rap
T.I.,Trap Muzik,rap
Tangerine Dream,Phaedra,avant-garde
Tangerine Dream,Poland: The Warsaw Concert,avant-garde
Tangerine Dream,Ricochet,avant-garde
Tangerine Dream,Rubycon,avant-garde
Tangerine Dream,Stratosfear,avant-garde
Tangerine Dream,Tournado: Live in Europe,avant-garde
Tangerine Dream,Turn of the Tides,avant-garde
Taylor Swift,Fearless,country
Taylor Swift,Speak Now,country
Tha Eastsidaz,Tha Eastsidaz,rap
The Allman Brothers Band,"S.U.N.Y. at Stonybrook: Stonybrook, NY 9/19/71",blues
The Allman Brothers Band,Beginnings,blues
The Allman Brothers Band,Brothers and Sisters,blues
The Allman Brothers Band,Brothers and Sisters,pop-rock
The Allman Brothers Band,Eat a Peach,blues
The Allman Brothers Band,Play All Night: Live at the Beacon Theater 1992,blues
The Allman Brothers Band,The Allman Brothers Band,blues
The Beach Boys,Pet Sounds,pop-rock
The Beach Boys,Sounds of Summer: The Very Best of the Beach Boys,pop-rock
The Beach Boys,Today!,pop-rock
The Beatles,"On Air: Live at the BBC, Vol. 2",pop-rock
The Beatles,1962-1966,pop-rock
The Beatles,1967-1970,pop-rock
The Byrds,Mr. Tambourine Man,folk
The Chemical Brothers,Brotherhood,electronic
The Chemical Brothers,Dig Your Own Hole,electronic
The Chieftains,Irish Heartbeat,international
The Chieftains,The Long Black Veil,international
The Incredible String Band,The 5000 Spirits or the Layers of the Onion,folk
The Incredible String Band,The Hangman's Beautiful Daughter,folk
The Jayhawks,Hollywood Town Hall,country
The Low Anthem,"Oh My God, Charlie Darwin",folk
The Nitty Gritty Dirt Band,Will the Circle Be Unbroken,country
The Nitty Gritty Dirt Band,Will the Circle Be Unbroken,folk
The Orb,The Orbserver in the Star House,electronic
The Prodigy,Experience,electronic
The Prodigy,Music for the Jilted Generation,electronic
The Prodigy,The Fat of the Land,electronic
The Rolling Stones,"The Rolling Stones, Now!",blues
The Rolling Stones,"The Rolling Stones, Now!",pop-rock
The Rolling Stones,"Through the Past, Darkly: Big Hits, Vol. 2",blues
The Rolling Stones,12 X 5,blues
The Rolling Stones,Between the Buttons,pop-rock
The Rolling Stones,Big Hits (High Tide and Green Grass),blues
The Rolling Stones,Exile on Main St.,pop-rock
The Rolling Stones,Forty Licks,blues
The Rolling Stones,Get Yer Ya-Ya's Out!,pop-rock
The Rolling Stones,Hot Rocks: 1964-1971,blues
The Rolling Stones,Let It Bleed,pop-rock
The Rolling Stones,More Hot Rocks (Big Hits and Fazed Cookies),blues
The Rolling Stones,Out of Our Heads,blues
The Rolling Stones,Singles 1963-1965,blues
The Rolling Stones,Singles 1965-1967,blues
The Rolling Stones,Singles Collection: The London Years,blues
The Rolling Stones,Some Girls,pop-rock
The Rolling Stones,The Rolling Stones (England's Newest Hit Makers),blues
The Rolling Stones,The Rolling Stones No. 2,blues
The Rolling Stones,The Rolling Stones Rock and Roll Circus,blues
The Roots,Undun,rap
The Staple Singers,Be Altitude: Respect Yourself,r-b
The Supremes,I Hear a Symphony,r-b
Tina Turner,Tina!,r-b
Tip,The Renaissance,rap
Tito Puente,Cuban Carnival,latin
Tito Puente,Dance Mania,latin
Toby Keith,"Greatest Hits, Vol. 1",country
Toby Keith,20th Century Masters: The Millennium Collection: Best of Toby Keith,country
Toby Keith,35 Biggest Hits,country
Toby Keith,Dream Walkin',country
Toby Keith,How Do You Like Me Now?!,country
Toby Keith,Pull My Chain,country
Toby Keith,Shock'n Y'All,country
Toby Keith,That Don't Make Me a Bad Guy,country
Todd Rundgren,Something/Anything?,r-b
Tom Jones,Praise & Blame,vocal
Tom Petty,Damn the Torpedoes,pop-rock
Tom Petty,Greatest Hits,pop-rock
Tommy Dorsey Orchestra,Young Blue Eyes: Birth of a Crooner,vocal
Tommy Dorsey,The Voice of the Century,vocal
Tony Bennett,All Time Greatest Hits,jazz
Tony Bennett,All Time Greatest Hits,stage-screen
Tony Bennett,All Time Greatest Hits,vocal
Tony Bennett,I Left My Heart in San Francisco,vocal
Tony Bennett,Snowfall: The Tony Bennett Christmas Album,stage-screen
Tony Bennett,Snowfall: The Tony Bennett Christmas Album,vocal
Tony Bennett,The Best of the Improv Recordings,vocal
Tony Bennett,The Classics,vocal
Tony Bennett,The Essential Tony Bennett [Columbia/Legacy],stage-screen
Tony Bennett,The Essential Tony Bennett [Columbia/Legacy],vocal
Tony Bennett,The Tony Bennett/Bill Evans Album,vocal
Townes Van Zandt,Legend: The Very Best of Townes Van Zant,folk
Trace Adkins,The King's Gift,country
Usher,Confessions,r-b
Van Morrison,Into the Music,r-b
Van Morrison,Moondance,pop-rock
Van Morrison,Moondance,r-b
Van Morrison,Still on Top: The Greatest Hits,pop-rock
Van Morrison,The Best of Van Morrison [Mercury],r-b
Vangelis,Blade Runner,new-age
Vangelis,Chariots of Fire [Original Score],stage-screen
Vangelis,China,new-age
Vangelis,Direct,new-age
Vangelis,Heaven and Hell,new-age
Vangelis,Mask,new-age
Vangelis,Odyssey: The Definitive Collection,new-age
Vangelis,Opera Sauvage,new-age
Vangelis,The City,new-age
Vangelis,Themes,new-age
Vinicius Cantuária,Lágrimas Mexicanas,latin
Vishwa Mohan Bhatt,A Meeting by the River,new-age
Whitney Houston,Whitney Houston,r-b
Willie Colón,"Asalto Navideño, Vols. 1-2",latin
Willie Colón,Cosa Nuestra,latin
Willie Colón,La Gran Fuga,latin
Willie Nelson,"Nite Life: Greatest Hits and Rare Tracks, 1959-1971",country
Willie Nelson,16 Biggest Hits,country
Willie Nelson,Across the Borderline,country
Willie Nelson,Greatest Hits (& Some That Will Be),country
Willie Nelson,Honeysuckle Rose,stage-screen
Willie Nelson,Phases and Stages,country
Willie Nelson,Red Headed Stranger,country
Willie Nelson,Revolutions of Time: The Journey 1975-1993,country
Willie Nelson,Run That By Me One More Time,country
Willie Nelson,San Antonio Rose,country
Willie Nelson,Shotgun Willie,country
Willie Nelson,Spirit,country
Willie Nelson,Stardust,country
Willie Nelson,Teatro,country
Willie Nelson,The Collection: Red Headed Stranger/Stardust/Always on My Mind,country
Willie Nelson,The Essential Willie Nelson [Columbia],country
Willie Nelson,The Essential Willie Nelson [RCA],country
Willie Nelson,The Troublemaker,country
Willie Nelson,The Very Best of Willie Nelson,country
Willie Nelson,To Lefty from Willie,country
Willie Nelson,Yesterday's Wine,country
Wynton Marsalis,"The Original Soundtrack from ""Tune in Tomorrow""",stage-screen
Wynton Marsalis,Two Men with the Blues,jazz
Wynton Marsalis,Two Men with the Blues,vocal
Yanni,Devotion: The Best of Yanni,new-age
Yanni,In Celebration of Life,new-age
Yanni,Keys to Imagination,new-age
Yanni,Live at the Acropolis,new-age
Yanni,Port of Mystery,new-age
Yanni,Private Years,new-age
Yanni,Reflections of Passion,new-age
Yanni,The Very Best of Yanni,new-age
Yanni,Ultimate Yanni,new-age
Yma Sumac,Voice of the Xtabay,easy-listening
Yo Ma,A Playlist Without Borders,international
Yo,Year of the Gentleman,r-b
Z,"The Hits Collection, Vol. 1",rap
Z,American Gangster,rap
Z,Reasonable Doubt,rap
Z,The Blueprint 3,rap
